top_k,mean_stability,std_stability,min_stability,mean_spearman,ci95_lo,ci95_hi
5,0.7769999999999999,0.02501999200639363,0.73,0.9997650390088434,0.9995464286340177,0.999884756695738
10,0.786,0.02267156809750926,0.75,0.9997650390088434,0.9995464286340177,0.999884756695738
20,0.7915,0.025154522456210523,0.735,0.9997650390088434,0.9995464286340177,0.999884756695738
