n_removed,n_remaining,n_pairs_checked,n_reversals,reversal_rate,spearman_remaining
1,596,190,0,0.0,0.9999974918294219
2,595,190,0,0.0,0.999994773177778
3,594,190,0,0.0,0.9999891213042714
4,593,190,0,0.0,0.9999846782585357
5,592,190,0,0.0,0.9999771682297618
