method,borda_ws,borda_spearman,copeland_ws,copeland_spearman,borda_top5_overlap,copeland_top5_overlap,borda_top10_overlap,copeland_top10_overlap,borda_top20_overlap,copeland_top20_overlap
L-Scoring,0.9592303693195605,0.9941899394184286,0.9741023039663375,0.9973224675867924,0.0,0.4,0.6,0.5,0.9,0.85
Z-Scoring,0.9565938657048277,0.9926064523922977,0.9461914863215373,0.9865043803407245,0.6,1.0,0.9,1.0,0.9,0.95
L-Scoring+,0.9435100454800132,0.990727919961781,0.9470284968924991,0.9878264654363245,0.8,0.6,0.4,0.5,0.45,0.5
