parameter,value,is_baseline,spearman,kendall,ws,top5_overlap,top10_overlap,top20_overlap
bonus_start_z,1.0,False,0.9326170216947803,0.8085620655333728,0.8415264837272225,0.0,0.4,0.75
bonus_start_z,1.5,False,0.9765465096676044,0.9207895469398334,0.9021441245915521,1.0,0.8,0.9
bonus_start_z,2.0,True,1.0,1.0,1.0,1.0,1.0,1.0
bonus_start_z,2.5,False,0.9897070117950784,0.9714780379768182,0.9583022734356249,0.8,1.0,0.7
bonus_start_z,3.0,False,0.9869591581979297,0.965395901021934,0.9466866442890058,0.8,0.8,0.65
bonus_start_z,3.5,False,0.9839708822153647,0.9598421567415036,0.9368744611711667,0.6,0.7,0.5
