,L-Scoring,Z-Scoring,L-Scoring+
L-Scoring,1.0,0.9273883937640609,0.923130303428797
Z-Scoring,0.9273883937640609,1.0,0.9100199009541864
L-Scoring+,0.923130303428797,0.9100199009541864,1.0
