method_1,method_2,spearman,kendall,ws,top5_overlap,top10_overlap,top20_overlap
L-Scoring,Z-Scoring,0.9830363217668981,0.890344122269775,0.9273883937640609,0.4,0.5,0.8
L-Scoring,L-Scoring+,0.9776125758221595,0.9509719052490754,0.923130303428797,0.0,0.0,0.35
Z-Scoring,L-Scoring+,0.9730026502292957,0.874234129123411,0.9100199009541864,0.6,0.5,0.5
